{"configure_fit": {"time": {"1": 0.0, "2": 0.0, "3": 0.0009968280792236328, "4": 0.0, "5": 0.001001119613647461, "6": 0.0010044574737548828, "7": 0.0, "8": 0.0, "9": 0.011997699737548828, "10": 0.0020036697387695312, "11": 0.0010001659393310547, "12": 0.0, "13": 0.0, "14": 0.0, "15": 5.206274747848511, "16": 1.3792059421539307, "17": 0}, "memory": {"1": 0.0017719268798828125, "2": 0.0004749298095703125, "3": 0.013517379760742188, "4": 0.0004177093505859375, "5": 0.003528594970703125, "6": 0.003528594970703125, "7": 0.003528594970703125, "8": 0.003810882568359375, "9": 0.24999141693115234, "10": 0.10938072204589844, "11": 0.003620147705078125, "12": 0.003620147705078125, "13": 0.003620147705078125, "14": 0.004169464111328125, "15": 6372.180166244507, "16": 1562.3516731262207, "17": 0}, "network": {"1": 0.0, "2": 0.0, "3": 0.00017547607421875, "4": 0.0, "5": 0.00011444091796875, "6": 0.00011444091796875, "7": 0.00011444091796875, "8": 0.00011444091796875, "9": 0.19858837127685547, "10": 0.09185791015625, "11": 0.00011444091796875, "12": 0.00011444091796875, "13": 0.00011444091796875, "14": 0.00011444091796875, "15": 6359.638257026672, "16": 1548.0824279785156, "17": 0}}, "aggregate_fit": {"time": {"1": 0.012004613876342773, "2": 0.0040056705474853516, "3": 0.004999876022338867, "4": 0.0030024051666259766, "5": 0.001999378204345703, "6": 0.0019998550415039062, "7": 0.0020303726196289062, "8": 0.011999845504760742, "9": 0.009999275207519531, "10": 0.0019958019256591797, "11": 0.0010292530059814453, "12": 0.0019989013671875, "13": 0.0015106201171875, "14": 0.018998384475708008, "15": 0.4853498935699463, "16": 0, "17": 0}, "memory": {"1": 0.14201736450195312, "2": 0.07602214813232422, "3": 0.09144115447998047, "4": 0.06192970275878906, "5": 0.06144905090332031, "6": 0.06144905090332031, "7": 0.06174659729003906, "8": 0.08745861053466797, "9": 0.1637868881225586, "10": 0.06144905090332031, "11": 0.06089973449707031, "12": 0.06144905090332031, "13": 0.06144905090332031, "14": 0.10648822784423828, "15": 1548.6190633773804, "16": 0, "17": 0}, "network": {"1": 0.06008148193359375, "2": 0.008636474609375, "3": 0.035247802734375, "4": 0.001007080078125, "5": 0.001007080078125, "6": 0.001007080078125, "7": 0.001007080078125, "8": 0.00457000732421875, "9": 0.09185791015625, "10": 0.001007080078125, "11": 0.001007080078125, "12": 0.001007080078125, "13": 0.001007080078125, "14": 0.0107574462890625, "15": 1548.0824279785156, "16": 0, "17": 0}}}