{"configure_fit": {"time": {"1": 0.0, "2": 0.0, "3": 0.0009999275207519531, "4": 0.0, "5": 0.0, "6": 0.0, "7": 0.0, "8": 0.0, "9": 1.706498622894287, "10": 0.9237115383148193, "11": 0.0010001659393310547, "12": 0.0, "13": 0.0, "14": 0.0, "15": 5.206274747848511, "16": 1.3792059421539307, "17": 0}, "memory": {"1": 0.0019092559814453125, "2": 0.004909515380859375, "3": 0.2808818817138672, "4": 0.0004177093505859375, "5": 0.003528594970703125, "6": 0.003528594970703125, "7": 0.003528594970703125, "8": 0.003810882568359375, "9": 1628.1959371566772, "10": 840.1301946640015, "11": 0.003620147705078125, "12": 0.003620147705078125, "13": 0.003620147705078125, "14": 0.004169464111328125, "15": 6372.180166244507, "16": 1562.3516731262207, "17": 0}, "network": {"1": 0.0, "2": 0.0, "3": 0.00017547607421875, "4": 0.0, "5": 0.00011444091796875, "6": 0.00011444091796875, "7": 0.00011444091796875, "8": 0.00011444091796875, "9": 1599.6261167526245, "10": 813.5009155273438, "11": 0.00011444091796875, "12": 0.00011444091796875, "13": 0.00011444091796875, "14": 0.00011444091796875, "15": 6359.638257026672, "16": 1548.0824279785156, "17": 0}}, "aggregate_fit": {"time": {"1": 0.015511751174926758, "2": 0.004003047943115234, "3": 0.09560751914978027, "4": 0.00299835205078125, "5": 0.0009992122650146484, "6": 0.001035928726196289, "7": 0.001035928726196289, "8": 0.008996963500976562, "9": 0.23024511337280273, "10": 0.0019958019256591797, "11": 0.0010292530059814453, "12": 0.0019989013671875, "13": 0.0015106201171875, "14": 0.018998384475708008, "15": 0.4853498935699463, "16": 0, "17": 0}, "memory": {"1": 0.14390850067138672, "2": 0.2913627624511719, "3": 320.4287691116333, "4": 0.06192970275878906, "5": 0.06144905090332031, "6": 0.06203651428222656, "7": 0.06179237365722656, "8": 0.08756542205810547, "9": 814.0280847549438, "10": 0.06144905090332031, "11": 0.06089973449707031, "12": 0.06144905090332031, "13": 0.06144905090332031, "14": 0.10648822784423828, "15": 1548.6190633773804, "16": 0, "17": 0}, "network": {"1": 0.06008148193359375, "2": 0.185699462890625, "3": 319.9207458496094, "4": 0.001007080078125, "5": 0.001007080078125, "6": 0.001007080078125, "7": 0.001007080078125, "8": 0.00457763671875, "9": 813.5009155273438, "10": 0.001007080078125, "11": 0.001007080078125, "12": 0.001007080078125, "13": 0.001007080078125, "14": 0.0107574462890625, "15": 1548.0824279785156, "16": 0, "17": 0}}}