{"configure_fit": {"time": {"1": 0.0, "2": 0.0, "3": 0.0, "4": 0.0, "5": 0.0, "6": 0.0, "7": 0.0, "8": 0.0010004043579101562, "9": 0.010441064834594727, "10": 0.001997709274291992, "11": 0.0010001659393310547, "12": 0.0, "13": 0.0, "14": 0.0, "15": 5.206274747848511, "16": 1.3792059421539307, "17": 0}, "memory": {"1": 0.0016956329345703125, "2": 0.0004749298095703125, "3": 0.015516281127929688, "4": 0.0004863739013671875, "5": 0.004085540771484375, "6": 0.004085540771484375, "7": 0.004085540771484375, "8": 0.004207611083984375, "9": 0.24464130401611328, "10": 0.1055908203125, "11": 0.003620147705078125, "12": 0.003620147705078125, "13": 0.003620147705078125, "14": 0.004169464111328125, "15": 6372.180166244507, "16": 1562.3516731262207, "17": 0}, "network": {"1": 0.0, "2": 0.0, "3": 0.00017547607421875, "4": 0.0, "5": 0.00011444091796875, "6": 0.00011444091796875, "7": 0.00011444091796875, "8": 0.00011444091796875, "9": 0.19858837127685547, "10": 0.09185791015625, "11": 0.00011444091796875, "12": 0.00011444091796875, "13": 0.00011444091796875, "14": 0.00011444091796875, "15": 6359.638257026672, "16": 1548.0824279785156, "17": 0}}, "aggregate_fit": {"time": {"1": 0.01599860191345215, "2": 0.004000663757324219, "3": 0.00400233268737793, "4": 0.0010025501251220703, "5": 0.002003192901611328, "6": 0.0029969215393066406, "7": 0.002003192901611328, "8": 0.009065628051757812, "9": 0.009030580520629883, "10": 0.0019958019256591797, "11": 0.0010292530059814453, "12": 0.0019989013671875, "13": 0.0015106201171875, "14": 0.018998384475708008, "15": 0.4853498935699463, "16": 0, "17": 0}, "memory": {"1": 0.14368057250976562, "2": 0.034801483154296875, "3": 0.052997589111328125, "4": 0.020616531372070312, "5": 0.020143508911132812, "6": 0.020349502563476562, "7": 0.020669937133789062, "8": 0.048674583435058594, "9": 0.13335323333740234, "10": 0.06144905090332031, "11": 0.06089973449707031, "12": 0.06144905090332031, "13": 0.06144905090332031, "14": 0.10648822784423828, "15": 1548.6190633773804, "16": 0, "17": 0}, "network": {"1": 0.06008148193359375, "2": 0.008636474609375, "3": 0.035247802734375, "4": 0.001007080078125, "5": 0.001007080078125, "6": 0.001007080078125, "7": 0.001007080078125, "8": 0.00457000732421875, "9": 0.09185791015625, "10": 0.001007080078125, "11": 0.001007080078125, "12": 0.001007080078125, "13": 0.001007080078125, "14": 0.0107574462890625, "15": 1548.0824279785156, "16": 0, "17": 0}}}